{"queries": {"ORG": "Which corporate, governmental or organizational entities are present in the text?", "PER": "Which named person or family entities are present in the text?", "LOC": "Which location or geographical entities are present in the text?", "MISC": "Which miscellaneous entities including events, nationalities, products and works of art are present in the text?"}, "entity_types": ["ORG", "PER", "LOC", "MISC"], "labels2idx": {"O": 0, "B-PER": 1, "I-PER": 2, "B-LOC": 3, "I-LOC": 4, "B-ORG": 5, "I-ORG": 6, "B-MISC": 7, "I-MISC": 8}}