{"queries": {"corporation": "Which corporate entities are present in the text?", "person": "Which named person or family entities are present in the text?", "location": "Which location or geographical entities are present in the text?", "group": "Which group entities are present in the text?", "creative-work": "Which creative work entities are present in the text?", "product": "Which product entities are present in the text?"}, "entity_types": ["location", "product", "corporation", "creative-work", "group", "person"]}